Date/Time;Environment:Site Outdoor Air Drybulb Temperature [C](Daily);Environment:Site Outdoor Air Relative Humidity [%](Daily);BEZERREIRO:Zone Operative Temperature [C](Daily);CIRCULA:Zone Operative Temperature [C](Daily);BEZERREIRO:Zone Air Relative Humidity [%](Daily);CIRCULA:Zone Air Relative Humidity [%](Daily) 
 01/01;26,587500000000003;77,91666666666667;28,67173805574159;28,554190249676045;67,18429795263852;67,64550001571847 
 01/02;26,733854166666665;78,421875;29,68758775443167;29,51846556622353;63,08477190010614;63,67701300074012 
 01/03;22,05677083333333;82,34895833333333;29,27647755910259;29,075479560271007;65,1613897786315;65,91656441490349 
 01/04;22,032812499999996;82,03125;29,810756054134413;29,414753790400114;63,82220664004905;65,22898318142804 
 01/05;25,410937500000004;81,16666666666667;29,810369014980254;29,389837576330604;63,49649407639464;65,04148662337694 
 01/06;26,118749999999996;73,66145833333333;29,218957256978784;28,82268443122396;65,58812445303566;67,11094324497349 
 01/07;27,646874999999999;70,015625;30,09639306558854;29,69532729854305;62,21349882614268;63,62583764947535 
 01/08;23,821875000000003;66,26041666666667;30,285499385210149;29,909394628537297;61,46525235759541;62,78415676646572 
 01/09;24,865625000000006;67,47395833333333;31,226343462909794;30,8060111244807;58,50107816030167;59,868911190612589 
 01/10;22,26875;72,18229166666667;31,128778255057527;30,757642098761975;58,619645168529419;59,85798625996062 
 01/11;22,22708333333333;90,89583333333333;30,249618124984509;29,75822891288531;61,76730249803271;63,50965964634733 
 01/12;22,219791666666663;64,88541666666667;29,92148813832779;29,33852254922525;63,405664189693407;65,5212779333608 
 01/13;22,58489583333333;73,94270833333333;30,032313574765586;29,399758498618636;62,88242858136459;65,16102207259506 
 01/14;23,214583333333328;79,78645833333333;30,449065981962577;29,80884667479451;61,176942552888508;63,420201714403869 
 01/15;24,146874999999999;75,46875;30,81657810065555;30,211568276190734;59,82029795282574;61,89691238559018 
 01/16;25,343749999999998;83,61979166666667;31,06261162523845;30,510628294820905;58,98276794042761;60,84216664212989 
 01/17;26,058333333333335;75,08854166666667;31,075227554846199;30,54877791118413;58,99662396018485;60,780561865398819 
 01/18;27,51822916666667;87,89583333333333;30,72232291808085;30,257842972523276;60,10118218590845;61,722703476753938 
 01/19;29,90625;79,69270833333333;31,720800108828539;31,300115635827266;56,796522552162709;58,13738295812331 
 01/20;27,972395833333338;69,32291666666667;32,23000087971905;31,9109979593956;55,139350927087779;56,1189237297643 
 01/21;28,33854166666667;68,4375;32,30651587107245;32,01796150323775;54,71009253218609;55,59416534157851 
 01/22;25,061458333333339;66,33333333333333;32,20614689421739;31,946170546900317;55,144484459485479;55,944398474669508 
 01/23;30,38489583333333;68,56770833333333;32,93695101502741;32,64799376422245;52,852428719511468;53,68018766314871 
 01/24;27,000000000000005;70,40104166666667;32,78375597428482;32,55117419013081;53,175516683725259;53,870653242475778 
 01/25;20,51458333333333;67,77604166666667;31,561772103718785;31,240861464115154;57,657469041722119;58,69585056309955 
 01/26;21,04739583333333;68,11979166666667;31,503648176409269;31,03947279046533;57,870497716653527;59,35671895270426 
 01/27;23,844791666666678;70,79166666666667;31,458021249572579;30,97719885097376;57,76795194973176;59,339184751174119 
 01/28;27,06822916666667;74,609375;31,559531846314554;31,044645357152459;57,37584876007161;59,048043454942597 
 01/29;24,28802083333333;80,13541666666667;31,88414170960758;31,448117659868303;56,38246768460547;57,76877624220119 
 01/30;26,18541666666667;89,25520833333333;31,9318502434642;31,484918636282534;56,18316385111314;57,58834197544069 
 01/31;23,985937500000003;92,30729166666667;30,633304611325547;30,20597883973046;60,30465678433436;61,798180697453329 
 02/01;24,75052083333333;92,30729166666667;29,961802834681526;29,410629812749744;62,653397411158859;64,63424316077119 
 02/02;26,116145833333336;94,94270833333333;29,631033148081064;28,992812797526896;63,67927150498027;66,04046601110896 
 02/03;26,61770833333333;81,20833333333333;30,402515213417137;29,778132975086078;61,14288201476663;63,31049916076038 
 02/04;25,875;71,94791666666667;30,459925122972306;29,941847846479189;60,945144558650678;62,76983745894844 
 02/05;30,056250000000003;70,890625;31,120533221869228;30,660268645694008;58,69076916060498;60,235675127433477 
 02/06;28,43697916666667;82,61458333333333;31,60575058343322;31,297499016926556;57,02217611238736;58,02236806606118 
 02/07;30,232812499999999;67,05729166666667;32,12540413818544;31,841724269517639;55,457819187221797;56,33291458994029 
 02/08;27,76041666666666;79,375;33,01449518739899;32,80633852088751;52,804738213918607;53,37693632567192 
 02/09;28,113541666666668;76,76041666666667;33,33205114171749;33,14233936955306;51,79463182994405;52,31708145248813 
 02/10;26,380729166666656;85,15625;32,90021929059383;32,70306314654493;53,26300530571388;53,84030406823999 
 02/11;27,45989583333333;87,81770833333333;32,474468357585958;32,19745529353637;54,35800165073554;55,199510804966788 
 02/12;23,60625;92,90625;30,995258998919117;30,64878495561781;58,99502278535078;60,18469940490076 
 02/13;21,92239583333334;85,91666666666667;30,556114476939614;30,073127643372506;60,792427623524449;62,43738682752511 
 02/14;21,8015625;81,08854166666667;29,994785026767759;29,43221160233936;63,166988792563937;65,19630424001604 
 02/15;22,384895833333343;84,59895833333333;30,154857980441866;29,526160483756656;62,931362949905999;65,19270378363315 
 02/16;22,88333333333333;93,453125;29,892153207116725;29,294431793903216;63,67411265292211;65,88800240932987 
 02/17;23,542708333333328;86,75;30,19554051252541;29,616203530191326;62,561337599687117;64,6311124075651 
 02/18;24,30208333333334;82,71875;29,721075269761056;29,20439948612348;63,96966171577008;65,90196248729382 
 02/19;25,148437499999998;82,72916666666667;28,93728572453942;28,469578498074485;66,61222605964818;68,44613391865519 
 02/20;22,514062499999999;88,26041666666667;28,827750105156345;28,38407570209456;66,91259149859731;68,63021861465282 
 02/21;24,920312499999999;81,25520833333333;28,561635093319837;28,092097574622757;67,94496695539547;69,81179139903255 
 02/22;23,6796875;81,02604166666667;29,356980826175698;28,904954711700783;65,20907662340176;66,87570482104013 
 02/23;23,522916666666665;80,55729166666667;30,05102392212255;29,649436104050709;62,40112696069858;63,81924509642138 
 02/24;23,31354166666667;81,39583333333333;29,173792166953477;28,79342921532648;65,5146936873968;66,97849722453069 
 02/25;21,65729166666667;84,83854166666667;28,652299725522416;28,25781297469797;67,8323457325511;69,39231143588826 
 02/26;18,718229166666668;80,96875;27,49684355304733;27,056833721656905;72,48208872464385;74,34478083065562 
 02/27;18,884375000000003;78,03125;26,349410036956216;25,812354593450207;77,35548187298955;79,80133149695222 
 02/28;19,053645833333336;85,28125;26,197046731821048;25,586947247491059;78,0168231823828;80,82452008838497 
 03/01;20,145833333333337;93,89583333333333;25,59673094647093;24,911912297563338;80,83386875712314;84,162328605121 
 03/02;20,538020833333339;88,18229166666667;26,0702980038058;25,376343088214907;79,04869305552882;82,31085949005277 
 03/03;21,3015625;90,984375;26,488636427743076;25,837034857801993;77,1858019498164;80,18235708222498 
 03/04;23,449999999999993;83,15625;27,021680898565547;26,415577797538174;74,51273982254502;77,19549545989814 
 03/05;24,469791666666663;79,66666666666667;26,74293946178952;26,233394488891084;75,52176875470274;77,83232043994158 
 03/06;23,948958333333335;73,60416666666667;27,219372759894126;26,776459850786819;73,63640219058671;75,55358188227935 
 03/07;21,440624999999998;76,03645833333333;27,333372834964206;26,945330423856729;73,28951900187728;74,96441812152479 
 03/08;20,111979166666669;77,36979166666667;27,22075679140443;26,81016638130244;73,78741253464078;75,56707250404637 
 03/09;21,148437500000005;87,69791666666667;27,956702880945288;27,506616023689973;70,60046215355031;72,42797289964615 
 03/10;22,58385416666667;88,734375;27,752702270039167;27,34850308529218;71,06755055787552;72,7672699263946 
 03/11;19,749479166666668;84,234375;27,548266582265119;27,14674944364917;72,40285554754827;74,0922478303076 
 03/12;20,091666666666666;83,70833333333333;27,02761907156925;26,57290285417569;74,95340761988445;76,96281843608887 
 03/13;21,60260416666667;83,05729166666667;26,14604506227567;25,68627925164959;78,83709171913454;81,00222276385803 
 03/14;24,22864583333333;82,91666666666667;25,48472410474629;25,051411094390948;81,32363993263248;83,45003431251348 
 03/15;23,62760416666667;82,75520833333333;26,150064376194007;25,74894364217967;77,91965925904685;79,76856720925947 
 03/16;21,464583333333335;78,76041666666667;26,438346837591938;26,058670203583917;76,91513299743987;78,63283442627899 
 03/17;22,928645833333336;77,11458333333333;27,254678700021985;26,89781777417818;73,23638958738536;74,74585414610637 
 03/18;20,055208333333334;83,203125;27,263667895152975;26,913831178073509;73,73812546710279;75,25228600814923 
 03/19;18,52291666666667;81,3125;27,458511103889575;27,035172021601296;72,74814251777859;74,52204475771453 
 03/20;21,799479166666669;81,28125;27,40387922178515;26,9269869247926;72,3080247860323;74,335686292809 
 03/21;20,81041666666667;81,82291666666667;27,084788731489785;26,592552370610677;73,84417165053454;75,99332754941686 
 03/22;16,066666666666668;84,91145833333333;26,4281534435107;25,9059857261454;77,75971308604021;80,15661516852845 
 03/23;16,970833333333336;75,41666666666667;26,281575016468623;25,62601938891109;78,57759091155092;81,61080494024621 
 03/24;18,968229166666665;75,875;26,352045471315269;25,670490331690769;78,0749947374401;81,23790020971772 
 03/25;21,56302083333334;75,859375;26,66668288520459;26,01530736340156;76,71671345700124;79,69363308505942 
 03/26;21,980729166666664;69,46354166666667;27,11033145967457;26,54574421184846;74,93172973929983;77,4398061474118 
 03/27;23,246875;86,75;27,729326189544016;27,228955751197196;72,01668459165394;74,12147880744846 
 03/28;24,518229166666669;86,40625;28,504607958627547;28,03028430347872;68,50357641412153;70,38136476196508 
 03/29;23,129166666666664;77,19791666666667;28,929303632968204;28,496666672511734;66,71515848581108;68,3679216907651 
 03/30;22,23229166666667;75,046875;28,419719573918866;28,001743066732787;68,35775090270836;70,03494740934193 
 03/31;20,463541666666669;78,18229166666667;27,416235658151974;26,986287953603257;72,96079212725415;74,81602408817675 
 04/01;21,256770833333339;91,95833333333333;26,736166738008479;26,255708454855215;76,34758892153362;78,51234219449386 
 04/02;22,671354166666665;83,734375;26,407056705347534;25,90825521162734;77,93349500407567;80,23496034695622 
 04/03;23,209895833333336;85,44791666666667;26,124452934110136;25,68479222624215;79,16760952398625;81,24153449484185 
 04/04;24,00989583333333;77,609375;26,147814991947795;25,762646133565469;78,93681966533717;80,74391970955897 
 04/05;24,663020833333336;68,65625;26,62902138314838;26,296963662258294;76,65260375916097;78,1368849693399 
 04/06;24,492187500000005;69,796875;25,90970681379402;25,66505269516969;79,6516517878507;80,83787567106124 
 04/07;23,155208333333339;64,29166666666667;26,286469239862027;26,071113834344513;77,9915140400134;78,96263302460278 
 04/08;21,58802083333333;64,21875;26,637615553588934;26,426756326793386;75,93629720541368;76,86107235303665 
 04/09;21,742708333333338;65,19791666666667;26,18205346789469;25,9090488744442;78,00656923287564;79,2730875483098 
 04/10;19,920833333333339;76,71875;26,077826761105617;25,747571325692019;78,97421944897528;80,50120680166383 
 04/11;20,989583333333333;76,58854166666667;25,287656582773825;24,956298597289984;82,41684087089156;84,0556088494315 
 04/12;20,8046875;92,21354166666667;24,867902873308326;24,538223214218104;83,93572243346859;85,59037276127963 
 04/13;14,115104166666669;95,84895833333333;23,022439198234009;22,60425751689692;94,94563033595029;97,05147630592096 
 04/14;14,894791666666663;67,18229166666667;22,111342262868236;21,519534154899224;94,72667402841108;95,19608736266498 
 04/15;15,766666666666664;70,41666666666667;21,79728938370742;21,146390311131154;90,88195690756486;91,23945321566539 
 04/16;19,35052083333333;81,203125;21,887609134248554;21,260323267231227;88,97891540604472;89,2234285083266 
 04/17;21,124479166666668;81,46354166666667;22,732410684592563;22,18558667057813;84,29549915978963;84,10145245057815 
 04/18;20,40416666666667;72,89583333333333;23,414247344385904;22,97443698475588;80,80642426614029;80,07976805310928 
 04/19;19,149479166666667;75,61458333333333;23,94982091090475;23,543817281013806;78,6612266823613;77,77257305170265 
 04/20;16,906770833333334;88,90104166666667;23,917891460717898;23,472506158004788;79,03558016393794;78,3391367818074 
 04/21;17,85989583333333;95,20833333333333;24,024617181698713;23,55632681348567;78,21735730713889;77,63559607753871 
 04/22;16,093229166666668;93,16666666666667;23,838666146154976;23,348377879436659;79,28313417032259;78,79149328777049 
 04/23;14,968229166666669;87,25;23,5756138122595;23,02552746590466;80,71933674258055;80,50945957297495 
 04/24;14,997395833333334;71,75520833333333;23,335067898611358;22,74163942556432;81,92222633277658;81,92397257731396 
 04/25;15,115625;64,84375;22,975991541378308;22,349007430392274;83,59652663194957;83,78635787000936 
 04/26;15,624479166666662;96,90104166666667;22,373938616633283;21,71409374104735;86,70750649213358;87,09071531339838 
 04/27;17,331250000000009;86,41666666666667;21,84763712009257;21,18910927745475;89,58460039423868;90,00075674189891 
 04/28;18,190104166666666;96,25;21,521083486044704;20,910732468871815;91,2978023012286;91,47475334300903 
 04/29;18,220312500000003;69,375;21,581905259887099;21,015688191808097;90,61933314349041;90,53898223969788 
 04/30;17,93645833333333;70,546875;21,350650361381484;20,84322204031532;91,379960526913;90,98164169514252 
 05/01;18,0421875;84,24479166666667;21,012595114924843;20,559781229591424;92,65311601108648;91,96269479361051 
 05/02;16,972916666666668;97,859375;20,655052204646809;20,213444871239188;95,04498030101625;95,03028133319229 
 05/03;17,60208333333333;86,52604166666667;19,802101095805545;19,345753091500567;96,61285373541188;96,92321571364532 
 05/04;18,794791666666666;96,6875;19,13553869550913;18,731586036780369;98,73333772590422;98,75568166867748 
 05/05;18,984375;86,86979166666667;18,680658644309696;18,352658593586069;98,85721308328012;98,86874685545456 
 05/06;20,158333333333336;78,265625;18,323728045214659;18,064086085694048;95,46998366469427;95,56847110448303 
 05/07;18,49427083333333;80,38020833333333;19,055473685189175;18,862133389654667;89,92021759938443;89,9726549063613 
 05/08;17,861458333333336;87,80729166666667;19,116113665267436;18,93102830151324;88,94362397535024;89,08346661580139 
 05/09;15,780729166666666;84,63020833333333;19,06689609111274;18,852346150215199;89,41295556544674;89,69504088372122 
 05/10;15,836979166666668;88,125;19,26407447969386;19,004273905723318;88,80500164033492;89,32297269061017 
 05/11;17,102083333333334;88,90625;19,67853556513437;19,391812280617598;86,38015067116534;87,03201283483166 
 05/12;16,882291666666665;89,92708333333333;19,94074429605376;19,655658683141089;84,57812477269921;85,19906841545562 
 05/13;17,82135416666667;87,97395833333333;20,336141510957054;20,047006010182849;82,40213972366417;83,03491829363746 
 05/14;17,13645833333333;91,52604166666667;19,89565137532146;19,625133002785959;84,79208004693291;85,36521634714296 
 05/15;15,959895833333333;82,57291666666667;19,746904254781819;19,49027077009377;85,49696439337017;85,98951225385217 
 05/16;15,554166666666668;80,41666666666667;19,73315585130143;19,42903086405038;85,74169796843131;86,47225696934777 
 05/17;15,926041666666672;86,13541666666667;19,687023391931175;19,366519908102899;85,86023497553458;86,69576661948378 
 05/18;14,0328125;83,86458333333333;19,405003177181773;19,062761226197794;87,52408026327332;88,49774017178841 
 05/19;12,668750000000001;83,86458333333333;19,522150281432525;19,124195358959566;87,05212036783935;88,30017635566715 
 05/20;13,451562500000002;81,265625;19,83903058798612;19,396982566015998;85,2175540986313;86,66990803151639 
 05/21;14,517708333333334;70,9375;20,26419152621668;19,816516777567594;82,29116760080834;83,72786042220425 
 05/22;15,549479166666666;77,16666666666667;20,300802709036;19,89205951896842;81,94099242737156;83,18065932932722 
 05/23;10,838020833333332;84,97395833333333;19,39612933738719;18,962247763644748;87,92873465101381;89,39789593997216 
 05/24;8,440625;74,24479166666667;18,2729912996142;17,71635819289774;94,33193730470259;96,14854223244726 
 05/25;10,001041666666666;83,0625;17,04556265794549;16,385399010109987;97,6762534785896;97,99713380368906 
 05/26;11,3671875;85,078125;16,421638434026609;15,732118955197178;95,87132157438987;96,20344945208977 
 05/27;12,346874999999999;86,640625;16,35234177539232;15,686688966999965;94,11139690256671;94,30270712565484 
 05/28;12,363541666666665;97,58333333333333;16,037793163165469;15,405732394199726;95,51333454177167;95,52718067853447 
 05/29;13,922395833333333;94,390625;16,245805911955185;15,64239307905077;93,56897547722974;93,78154465641235 
 05/30;15,535937499999998;79,75;16,55901929658752;16,0287396018756;90,89911242530353;90,94290159912022 
 05/31;15,983333333333335;84,46875;16,912279886304245;16,459133549963015;88,19820862893931;87,85296116317137 
 06/01;13,904166666666667;89,609375;16,680031744332074;16,271537411187393;89,23353236536417;88,65555986704709 
 06/02;13,116666666666668;94,15625;16,57509598002436;16,157289066534113;90,19912077496849;89,64908443331324 
 06/03;13,673958333333332;95,44270833333333;16,375476881663095;15,94892376524273;91,4055188220168;90,906588998625 
 06/04;13,614583333333334;95,00520833333333;16,52430000306757;16,087250364916959;90,15421541784913;89,71173989595254 
 06/05;14,071354166666666;87,76041666666667;16,803137460690356;16,414160320191387;88,27928062126917;87,57712379215757 
 06/06;14,796875;84,80729166666667;16,68728828015463;16,334145105418267;89,18374354997543;88,28599817254139 
 06/07;15,532291666666664;88,77604166666667;16,383516964065917;16,04994708942961;90,6607204880293;89,64043213618514 
 06/08;13,183854166666665;98,26041666666667;16,532092880002215;16,246030757614397;90,21412116062546;88,93020121797588 
 06/09;11,649999999999999;91,09895833333333;15,643880898134669;15,277267221028401;95,2305638865546;95,19433387198342 
 06/10;13,279166666666664;76,32291666666667;15,662342592935885;15,251402985727522;93,43422677125114;93,76194906028347 
 06/11;16,72864583333333;79,67708333333333;15,632551538464254;15,244608156432669;92,47465695523852;92,62650502107674 
 06/12;18,71614583333334;81,375;16,126973441687825;15,80416156702507;89,17581633947947;88,95721775413891 
 06/13;16,2328125;83,16145833333333;16,645743983891305;16,44104661674628;86,57562477969971;85,70436793771445 
 06/14;12,828645833333335;72,32291666666667;15,994694575776931;15,782643227984503;91,0177474628792;90,15029941822077 
 06/15;14,322916666666666;54,963541666666667;14,88484589411293;14,666685371407367;97,14167961932356;96,61758821093889 
 06/16;16,495833333333335;74,58333333333333;15,282234733991614;15,079804320634138;92,44714976940095;92,48483534227911 
 06/17;12,6390625;81,42708333333333;15,3910283596542;15,197933195344099;91,51333944177992;91,61298210798687 
 06/18;9,824999999999998;83,58333333333333;14,706862440849508;14,451170432575465;96,0977675337795;96,55748083784101 
 06/19;8,1859375;94,28125;13,730731651325265;13,376245515460547;96,85815484376872;97,23787024521249 
 06/20;9,226041666666666;82,42708333333333;13,812320925247868;13,365444811135952;94,44511606565009;94,87177828765413 
 06/21;10,788541666666668;81,21875;14,057616816636;13,589474820636445;92,1598498639118;92,46972334297208 
 06/22;13,929166666666668;82,77604166666667;14,866133923664484;14,418237952383733;86,95174316485005;87,0798412226623 
 06/23;16,818229166666666;92,33854166666667;15,685547521702768;15,300408311465697;82,25993173820194;82,05333568231345 
 06/24;16,15572916666667;90,55729166666667;16,364469155160699;16,074305558912469;78,68294809469399;78,01252846546949 
 06/25;14,670833333333335;89,875;16,43370982861673;16,18546396956125;78,20382100912907;77,32913000510847 
 06/26;15,064583333333334;95,80729166666667;16,6696210880863;16,428534583897453;77,16596965759344;76,26062495021715 
 06/27;15,741145833333335;96,17708333333333;17,07323345250924;16,798684610152305;75,53652662360996;74,80012582578223 
 06/28;15,711458333333335;98,81770833333333;17,437950076639536;17,17646985118046;73,9877605765093;73,20515969665589 
 06/29;15,749999999999995;99,0;17,80316052263766;17,537917838446054;71,39539131357826;70,64988581904594 
 06/30;14,744791666666665;97,4375;17,772830903116163;17,50259897654087;71,49469453729879;70,76916594851103 
 07/01;13,0171875;89,24479166666667;17,154047948012246;16,83879175401361;74,83248702914428;74,28484628129651 
 07/02;13,020312499999998;98,90104166666667;16,438778353704469;16,083947001280476;78,45179171566153;78,07723002000486 
 07/03;15,401562500000005;95,890625;16,694876101386574;16,31864958388869;77,07306226430223;76,80274226832965 
 07/04;17,548958333333336;94,81770833333333;16,97691492534059;16,645553039911616;75,62738165217844;75,16557525176397 
 07/05;19,480729166666668;90,34895833333333;17,886982594034149;17,610631991211144;71,18772614057527;70,511978462755 
 07/06;15,0609375;87,73958333333333;18,107659699961933;17,915072661647419;70,45529431562402;69,40423198574676 
 07/07;11,111979166666665;90,41666666666667;16,965438576953465;16,738005194845944;76,3799275454057;75,40898821825253 
 07/08;11,7578125;94,86979166666667;16,571218421261326;16,246169750083955;78,59834277606153;78,0579261893378 
 07/09;13,34114583333333;93,140625;16,54067711339356;16,161120983756978;78,59896754132169;78,33586484961461 
 07/10;14,5234375;94,64583333333333;17,281563116578785;16,90198002178088;75,04478226553545;74,79077564590297 
 07/11;13,942187499999998;92,4375;17,446439462860835;17,08975006782728;74,25351783375138;73,90172866238952 
 07/12;16,292708333333338;77,90104166666667;17,54276516448895;17,21271051007839;73,65708371653833;73,19315405643596 
 07/13;16,9109375;73,02083333333333;18,351095893376944;18,05557266778588;69,85325192439056;69,25056727272318 
 07/14;17,994270833333329;86,34375;19,07535659131342;18,823722749200227;66,66610730812818;65,90026082123279 
 07/15;17,422395833333334;83,328125;18,673381254792387;18,452524737881768;68,1663131863693;67,28237468284867 
 07/16;17,8171875;76,72916666666667;19,228484302492768;19,044846143403558;65,84862288894414;64,82017645877436 
 07/17;15,432291666666659;75,65104166666667;19,213943863547717;19,04589648395656;65,73472020719889;64,64715163330243 
 07/18;14,063541666666671;80,79166666666667;19,02348098241981;18,80045881840376;66,78628529680262;65,90471760914251 
 07/19;12,854687500000003;86,33854166666667;18,354591896495078;18,034430178685058;69,87704534365854;69,36945519184245 
 07/20;14,96458333333333;94,89583333333333;18,106389082254287;17,703579292987809;70,91924749604138;70,77160397648925 
 07/21;15,053125;96,57291666666667;18,04175351926209;17,612774444211405;70,97720841957073;70,95777235348656 
 07/22;15,19270833333333;78,3125;17,95087611150867;17,503641675495115;70,92340558772064;70,97932487566958 
 07/23;15,873958333333335;88,28125;17,616405172332518;17,223390258659177;72,09134758950613;71,92146438956563 
 07/24;11,06875;82,30208333333333;16,794918621603974;16,430836338236074;76,49501825015283;76,18189249405639 
 07/25;8,192708333333334;81,15625;15,805401968307964;15,34910851091532;82,04840537151904;82,1622981317734 
 07/26;9,075000000000001;90,98958333333333;15,612118584202618;15,06054602755629;83,24546596321706;83,8739121750772 
 07/27;8,231770833333334;97,91145833333333;15,11296670971157;14,494713659356109;86,33403298426849;87,38347111071617 
 07/28;8,965104166666665;97,38020833333333;14,795992804640198;14,060558465605567;88,20653181625932;89,958324830802 
 07/29;15,576041666666667;96,484375;15,286610017911363;14,592009618758878;84,98770145977837;86,47914364962394 
 07/30;17,2203125;92,90104166666667;15,955353825368837;15,43712056157441;81,03919570100899;81,53476002343888 
 07/31;18,225520833333336;90,875;16,276532753399115;15,885962237334411;79,16188970387391;79,00069833936429 
 08/01;18,368229166666667;90,875;16,914792923687178;16,64048974325033;75,7625154793164;75,04079779340923 
 08/02;18,0515625;92,45833333333333;18,055961545437709;17,868455915699028;70,37250748786146;69,29376239948594 
 08/03;20,39479166666667;81,36458333333333;18,97365644002831;18,810577277509649;66,07937154550015;64,97063206494754 
 08/04;13,674479166666666;79,88541666666667;18,010376679972919;17,88492912890081;71,11075093059394;69,77229474893139 
 08/05;10,159895833333334;80,97395833333333;16,578800748830383;16,36819364425819;78,41005091905234;77,32275077021075 
 08/06;15,067187499999998;88,94270833333333;16,64634349273254;16,28815118950478;77,47356601141827;77,08312898334755 
 08/07;15,927604166666669;88,1875;16,81364812068696;16,50843627979012;76,71532566410407;76,12500869134776 
 08/08;10,897395833333333;77,24479166666667;15,698155350991107;15,39272428034981;83,10744080948578;82,46675549722058 
 08/09;11,308333333333332;89,484375;15,053538756388216;14,685473837696195;86,12147247826266;85,80039741027332 
 08/10;16,637499999999997;89,90625;15,471111407001447;15,071625946656996;83,02264147170853;82,88456241196029 
 08/11;14,086979166666666;75,453125;16,932012382788803;16,61773426611076;75,906150815705;75,3387974128443 
 08/12;11,759375000000004;91,0;16,6785548256417;16,327559758246946;77,34072107611742;76,96526457462402 
 08/13;9,092708333333333;87,68229166666667;15,801924584212764;15,371002620867117;82,49272037304614;82,49774741944366 
 08/14;9,522395833333336;90,52083333333333;14,812079063814709;14,30436991699999;87,92395049761451;88,36460256484919 
 08/15;10,377083333333334;90,484375;14,751008429799242;14,206097955421124;88,23012138527268;88,90081176915887 
 08/16;14,600000000000004;85,68229166666667;16,040248599335006;15,511701009807882;81,11689726921945;81,62449855508578 
 08/17;16,484895833333338;95,92708333333333;17,062520247563105;16,613532244938548;75,80359827847005;75,87765038572465 
 08/18;15,922395833333331;96,11458333333333;16,760838269647917;16,337437756683959;77,06038100782584;77,05908144693821 
 08/19;15,375;96,65625;16,837710418923199;16,446688466282415;76,61240375461623;76,44264413601987 
 08/20;13,987500000000003;97,61458333333333;17,29501869365145;16,942994984926786;74,56310920516556;74,18256912308149 
 08/21;18,416145833333336;94,78125;17,47444033900709;17,11045991832317;73,36358345497949;73,06429161576506 
 08/22;19,382291666666665;83,92708333333333;17,837794215572964;17,582556303158215;71,58095144402289;70,80466974510671 
 08/23;17,144791666666668;81,07291666666667;18,176531633017885;17,981674989369546;69,91407899003402;68,87845992339787 
 08/24;25,102083333333338;95,84375;19,807125798615677;19,57794367132011;62,60886410007627;61,81810922683346 
 08/25;16,022395833333336;86,16666666666667;19,931608235124896;19,857608325993696;62,29131548128894;60,900776039764547 
 08/26;11,182291666666665;87,69791666666667;18,69623488158367;18,50412043826437;67,70592797483549;66,68743239273465 
 08/27;9,486458333333334;81,27604166666667;18,0631095192867;17,68146053058569;70,96113877044248;70,67644525286467 
 08/28;9,391145833333331;76,296875;18,209523780579287;17,67026506228318;70,5787877918987;70,987286893102 
 08/29;12,145833333333334;64,96875;18,137848375244457;17,524042717096955;70,8310654112281;71,60482529878145 
 08/30;14,923958333333332;69,03645833333333;18,257640247958915;17,66664383840207;70,0211646314292;70,69401676582824 
 08/31;18,61041666666667;72,40625;19,016418513966085;18,484388722498726;66,33470334277833;66,72964213283147 
 09/01;14,559895833333334;78,57291666666667;19,47517997902362;19,041460946346697;64,64587667664752;64,608478311492 
 09/02;15,1703125;63,46875;19,67434337229434;19,215698175079539;63,73601892191252;63,80745413597106 
 09/03;17,056250000000003;81,65104166666667;20,035865173545984;19,568891043506345;62,67800498980518;62,77321003442726 
 09/04;16,26458333333333;85,24479166666667;19,19427267530169;18,759215631625645;66,3291794270496;66,32690825862831 
 09/05;17,702604166666665;96,07291666666667;19,132847597803968;18,677221210849017;66,2764943069625;66,35700456121532 
 09/06;16,49322916666667;96,17708333333333;19,091806579114576;18,62962835350439;66,04073946189343;66,14826618130887 
 09/07;15,917708333333336;86,40104166666667;19,346592615579657;18,846250255990538;65,4849910576899;65,71813522414641 
 09/08;16,516666666666663;84,75520833333333;18,52428735546608;18,057467905131344;68,75933018718531;68,91371088951404 
 09/09;23,157291666666667;89,17708333333333;19,283307744990613;18,853412142229755;64,85065360622217;64,84880120223584 
 09/10;12,733333333333333;92,71354166666667;18,980972307927308;18,734893768024454;66,42872882207482;65,6539242647285 
 09/11;13,207291666666669;97,79166666666667;17,78412708507958;17,424178847957618;72,16385777616036;71,81981436028339 
 09/12;12,947916666666666;89,63541666666667;17,514353817145627;17,091649865233049;73,34894226683432;73,27659282341958 
 09/13;16,996354166666668;65,66145833333333;18,16248342194949;17,739985990946;70,30494902186639;70,23085312457441 
 09/14;17,25520833333334;74,78645833333333;18,371201122558067;18,00819649606493;69,11522310901124;68,811453943116 
 09/15;17,768229166666669;87,58333333333333;18,41022671362325;18,100943123254436;68,70550706273353;68,18194146948217 
 09/16;14,33854166666667;85,734375;18,529919586599424;18,200378512544434;68,85568474881126;68,3863175623923 
 09/17;14,731770833333334;85,22395833333333;18,4293304828371;18,06888100779709;69,45327844258897;69,12291190248887 
 09/18;16,7;82,32291666666667;19,084109456184568;18,684262211044748;66,41374358783985;66,23980463103728 
 09/19;18,980729166666668;78,97395833333333;20,445160949088728;20,052825631952055;60,77580096882977;60,56048124681815 
 09/20;18,088541666666669;84,53645833333333;21,013322682663703;20,66801782506892;58,68623447950235;58,32283047909459 
 09/21;14,829166666666668;79,22395833333333;20,701267549360759;20,33169383107651;60,240201199874359;59,96363412928915 
 09/22;15,101562499999999;88,82291666666667;20,165367906953095;19,711389494219345;62,272125391995867;62,31220744823787 
 09/23;21,14375;81,02604166666667;20,45330993806204;19,997002532789855;60,58491784044102;60,64304793111757 
 09/24;17,3046875;80,79166666666667;20,30764440721177;19,96929665475542;61,3509660150657;60,97615315044265 
 09/25;16,505208333333333;78,17708333333333;20,006553315003079;19,63783702584551;62,42906387999434;62,15045231581801 
 09/26;15,981249999999998;84,32291666666667;20,671522428566225;20,30858034532775;60,03405306769117;59,7181192181698 
 09/27;14,454687499999997;79,72395833333333;20,47567582999235;20,044351628316858;61,227527316539717;61,17534130635698 
 09/28;19,040104166666667;79,78645833333333;20,306260908000885;19,87380364814222;61,262514035208109;61,23763859292143 
 09/29;18,68385416666667;82,93229166666667;21,152842035259967;20,77011652787635;58,1362669887333;57,90124834604601 
 09/30;16,746875;91,296875;21,321470068198498;20,928734541996286;57,67652877850305;57,483415873949578 
 10/01;17,393229166666669;86,71875;22,056822230756194;21,614708102047684;55,488842316487758;55,441065568897709 
 10/02;14,475520833333329;73,0;22,39142925112733;21,911109978736904;54,87588539542605;54,95646121745042 
 10/03;15,760416666666663;70,25;22,174419979881283;21,620286706888988;55,62776300522135;55,97354068070734 
 10/04;17,384895833333336;87,83333333333333;21,808457119426536;21,220385378478786;56,4862906747625;56,96257337947409 
 10/05;18,8328125;85,71875;21,939593930570657;21,340682572593864;55,80744158417199;56,315989970517147 
 10/06;18,000520833333338;75,15625;21,57493039207145;21,00006863150622;56,91395329684409;57,36087742730006 
 10/07;20,740104166666666;67,65104166666667;21,180091073837706;20,65186557737294;58,1878093165196;58,498311174855107 
 10/08;21,042708333333335;74,73958333333333;21,737039112320756;21,253392842959895;56,28011143326031;56,399336651373349 
 10/09;19,134375000000003;70,15625;22,49820963873354;22,067796387547035;53,3714007235321;53,3045042950701 
 10/10;17,1375;74,63541666666667;23,317269790829945;22,900130843023317;51,025021126111969;50,89387644812293 
 10/11;16,05104166666667;92,890625;23,303262296841493;22,770040796475539;51,45636223311269;51,677293034627577 
 10/12;17,176041666666664;83,38541666666667;23,856221591348299;23,267847551063054;49,58005199350462;49,95583396761339 
 10/13;18,003645833333338;90,56770833333333;23,390482180535299;22,78082880024084;50,91063047375973;51,39431757586388 
 10/14;18,714583333333338;94,29166666666667;23,523107074092548;22,817032388033714;50,63176702532328;51,39326739384466 
 10/15;19,1171875;94,56770833333333;23,880912718485829;23,170406889419636;49,52716417191798;50,283891207706208 
 10/16;19,237500000000006;89,80729166666667;23,993126866926386;23,34161148647048;48,82712341685564;49,404733661895509 
 10/17;18,003645833333338;80,69791666666667;24,158286312144939;23,51875153528661;48,52235435253459;49,037955790293128 
 10/18;20,920312499999996;88,09375;23,60530689554527;23,01259804650826;49,842767439458338;50,27426222791964 
 10/19;19,9265625;84,35416666666667;23,427324847944055;22,895566020145837;50,520582443337108;50,76785143495394 
 10/20;17,248437499999999;78,53645833333333;23,215530884793777;22,68507016385605;51,64210063874094;51,8810509996074 
 10/21;17,419791666666666;75,58333333333333;23,536293994660459;22,979918022945936;50,81998980141555;51,12585956096196 
 10/22;19,265104166666668;96,38541666666667;22,908535512320385;22,36216640090311;52,61273677716318;52,92554886817064 
 10/23;21,260416666666669;93,35416666666667;23,550304190173198;22,99595219942587;50,491308947825448;50,7876769828668 
 10/24;20,4125;91,09895833333333;23,27742499321887;22,815646337915444;51,15718943392537;51,20084482974875 
 10/25;21,30625;96,85416666666667;23,641123811226053;23,219967896538724;50,049807791268907;49,95414997387771 
 10/26;21,98177083333333;90,02083333333333;24,13608200168463;23,718451110776944;48,58327707703594;48,47374420725572 
 10/27;23,16145833333333;81,10416666666667;24,893581043066658;24,491263407858953;46,43128471061538;46,2711764454146 
 10/28;25,904687499999999;79,25;25,61304386105977;25,235845857325758;44,41657688081327;44,199249834525698 
 10/29;26,118749999999996;87,375;26,507052664031407;26,21809496665531;41,81480477246306;41,38180492312554 
 10/30;20,718229166666668;73,58333333333333;26,29048280432545;26,036826717587819;42,50274406722038;41,98243099444826 
 10/31;21,440624999999998;79,30729166666667;25,750540104583874;25,435425064869539;44,10113790888531;43,725662662947367 
 11/01;20,685937499999999;80,546875;26,01845601090382;25,653813695924698;43,610457260394557;43,34521455375796 
 11/02;19,078645833333338;87,72916666666667;25,95727367399493;25,51244967340719;43,876134868847127;43,82033297895327 
 11/03;19,34322916666667;86,65625;25,68388040131353;25,10508654498189;44,15193288735344;44,44278093541944 
 11/04;19,9609375;82,01041666666667;25,937984064604128;25,273918662312288;43,461954901097588;43,96354357128333 
 11/05;16,91666666666666;80,19791666666667;26,104276356072338;25,382642777490035;43,51469694903843;44,157699781406517 
 11/06;19,381770833333328;89,49479166666667;25,847923273867548;25,069060944667453;43,96524714903715;44,79184305246647 
 11/07;22,362500000000009;81,734375;26,96463777339206;26,171939161902797;40,98731733678189;41,75757983247867 
 11/08;20,653645833333333;80,30208333333333;27,636110243289456;26,928614958825084;39,511714865865958;40,05425405082872 
 11/09;21,74739583333334;82,15104166666667;27,89084464131236;27,26683440284464;38,911186434009618;39,26286314047436 
 11/10;21,922916666666667;81,52083333333333;28,288164073382445;27,68867918318173;38,051205732838749;38,320475574621458 
 11/11;22,30989583333334;79,27083333333333;28,16682730483642;27,60443992284992;38,16614422351365;38,37443747720688 
 11/12;19,905729166666668;76,515625;27,96591033312173;27,437041780945966;38,552175524172977;38,68115413236849 
 11/13;18,64895833333333;79,5625;27,041567813617644;26,487347910138867;40,91856461894914;41,1233515985871 
 11/14;17,2265625;88,03125;26,116085346546798;25,43662305814959;43,3426876534146;43,879384107424538 
 11/15;20,836979166666667;79,3125;26,166600390694538;25,418960574967245;43,18692771847957;43,90746171623335 
 11/16;23,340625;71,73958333333333;26,958041810565068;26,228086931706146;41,346972775079738;41,972614541340188 
 11/17;21,6765625;74,60416666666667;27,211669155612328;26,58949638103031;40,71749885569533;41,085833321420199 
 11/18;23,126562500000003;73,58333333333333;26,37782452560263;25,81289223922739;42,434465200264927;42,70436702353169 
 11/19;25,202083333333339;72,01041666666667;27,041374343679747;26,472103323671076;40,701660009570108;40,94091621200896 
 11/20;22,9765625;84,72916666666667;27,23391716059073;26,74489724143864;40,32857741448069;40,38493231991442 
 11/21;22,928125000000006;77,07291666666667;27,661540952815938;27,128027182204816;39,378864477267047;39,51064749338739 
 11/22;21,353645833333336;78,92708333333333;27,433566041045525;26,9131466372913;39,704342194623617;39,830018365422137 
 11/23;20,2703125;79,05208333333333;27,383510845680776;26,798618304716738;40,12009097431133;40,38123388232509 
 11/24;24,467187500000006;78,83333333333333;27,872605681516875;27,28584907194639;38,85089986340234;39,11005282245788 
 11/25;22,89270833333333;78,52604166666667;28,618758498140495;28,112452984377215;37,19834934302392;37,26039094128982 
 11/26;22,447916666666669;78,30208333333333;28,862627146346726;28,35866549484749;36,726446727944367;36,783192373684268 
 11/27;20,915625;77,82291666666667;28,437388971922777;27,924301682132847;37,72816480778196;37,819718478229827 
 11/28;20,127604166666669;75,19270833333333;27,476242117767798;26,96251793118198;39,95492243331527;40,06685394259123 
 11/29;23,686458333333336;75,703125;27,288390883851489;26,729973976045114;40,23645101253145;40,4502728556316 
 11/30;26,485937500000007;84,90625;27,925918090104657;27,37962609650666;38,60414137365382;38,777386535699069 
 12/01;23,55260416666667;83,78645833333333;28,13325951762796;27,658038897485338;38,209378174324807;38,220158463048317 
 12/02;24,15052083333333;86,94791666666667;27,655946303661385;27,179120213889719;39,17634327266779;39,20419168538551 
 12/03;22,302083333333333;84,171875;27,613573742435169;27,099718912575058;39,33373824517084;39,435340951093788 
 12/04;20,676041666666668;77,203125;27,52156208318934;26,95565574024555;39,914889201310298;40,131658537425177 
 12/05;21,909375;77,421875;27,78391255125399;27,18114687962903;39,40360660667861;39,693116685190137 
 12/06;23,741666666666676;76,52604166666667;28,041667639080847;27,415269552894587;38,630988083757497;38,979662299403738 
 12/07;27,010416666666669;77,046875;28,895246925170427;28,301096160533875;36,645679533266619;36,90050798915272 
 12/08;26,08072916666666;77,16145833333333;29,828124637166636;29,330624052517526;34,69216731330059;34,72715732246743 
 12/09;25,16354166666666;77,859375;30,049971231064988;29,56770094191692;34,183169147642328;34,18919585329656 
 12/10;23,166666666666669;92,15104166666667;30,006957506624429;29,517579353702826;34,21176824030507;34,228051575248127 
 12/11;21,217187499999999;86,67708333333333;29,400802585248159;28,894479822361978;35,7051327624075;35,7663595279054 
 12/12;19,997395833333337;72,41145833333333;28,91414166008614;28,336951608178553;36,68918868298188;36,89735579645319 
 12/13;21,896874999999999;78,00520833333333;28,457953153098729;27,84584944725835;37,519715573622047;37,823029909020359 
 12/14;20,227083333333334;81,02083333333333;28,004450705258006;27,402782120885477;38,70657574121572;38,99951498330645 
 12/15;20,4109375;79,578125;27,878256558365498;27,25515189873511;39,08783190620607;39,42940862892917 
 12/16;21,365104166666666;76,56770833333333;28,07377553245605;27,429376836186408;38,56113750875753;38,94496387085881 
 12/17;23,249479166666665;76,125;28,63887250472794;27,992519530529806;37,152891240980689;37,516695394198617 
 12/18;23,080729166666669;74,4375;29,108188025550616;28,488022590343577;36,198450643488097;36,48897419659237 
 12/19;23,496875;78,19791666666667;29,102911478017217;28,543087977236199;36,09415309508931;36,280216676326 
 12/20;24,254166666666664;77,93229166666667;29,57922624415387;29,049564600384998;34,996409308052609;35,093638989532447 
 12/21;21,06458333333333;75,828125;30,064236517650227;29,531603844544774;34,00509881056494;34,08958161653131 
 12/22;19,5265625;78,85416666666667;29,41071780979777;28,832142823290018;35,645477666097708;35,85187931166968 
 12/23;19,111458333333336;81,73958333333333;28,982020639314809;28,317127008371985;36,82065426748648;37,21956664773347 
 12/24;19,792708333333335;89,07291666666667;28,199992961471069;27,45234467345564;38,41310793238148;39,02532110795547 
 12/25;23,296354166666665;75,82291666666667;28,298736732341437;27,50037430284465;38,05918598451867;38,78174528893658 
 12/26;23,66041666666666;77,19270833333333;29,312115924008237;28,56880793873759;35,93417809193076;36,47360731804792 
 12/27;25,127604166666669;73,36979166666667;30,038783286308818;29,374299134097329;34,26264715987457;34,62748134686459 
 12/28;24,866145833333336;69,73958333333333;30,607707456101726;30,04546642566716;33,10844917354974;33,25938398159584 
 12/29;24,736458333333329;71,66666666666667;29,79562935627469;29,322608323031849;34,642661181654087;34,64851296248252 
 12/30;25,598437500000008;69,07291666666667;28,956415027124995;28,506692824704193;36,27852933039484;36,23785526922372 
 12/31;25,561458333333336;78,890625;29,207241100983308;28,766153914433;35,677972685849038;35,60842230091634 
